length1,length2,length3,width
-1.415220628,-1.438526623,-1.501005601,1.2558
-1.305181468,-1.317216414,-1.380422452,2.0672
-1.245160107,-1.251895532,-1.294291632,1.8792
